State,State Code,Year,Year Code,Projected Populations
Alabama, 01,	2004	,2004, 4513207
Alabama, 01,	2005	,2005,4527166
Alabama, 01,	2006	,2006, 4541263
Alabama, 01,	2007	,2007,4555152
Alabama, 01,	2008	,2008, 4568983
Alabama, 01,	2009	,2009,4582698
Alabama, 01,	2010	,2010, 4596330
Alabama, 01,	2011	,2011,4609820
Alabama, 01,	2012	,2012, 4623288
Alabama, 01,	2013	,2013,4636657
Alabama, 01,	2014	,2014, 4649932
Alabama, 01,	2015	,2015,4663111
Alabama, 01,	2016	,2016, 4676269
Alabama, 01,	2017	,2017,4689410
Alabama, 01,	2018	,2018, 4702519
Alabama, 01,	2019	,2019,4715658
Alabama, 01,	2020	,2020, 4728915
Alabama, 01,	2021	,2021,4742363
Alabama, 01,	2022	,2022, 4756138
Alabama, 01,	2023	,2023,4770343
Alabama, 01,	2024	,2024, 4784959
Alabama, 01,	2025	,2025,4800092
Alabama, 01,	2026	,2026, 4815086
Alabama, 01,	2027	,2027,4829976
Alabama, 01,	2028	,2028, 4844786
Alabama, 01,	2029	,2029,4859518
Alabama, 01,	2030	,2030, 4874243
Alaska, 02,	2004	,2004,655349
Alaska, 02,	2005	,2005, 661110
Alaska, 02,	2006	,2006,667147
Alaska, 02,	2007	,2007, 673516
Alaska, 02,	2008	,2008,680082
Alaska, 02,	2009	,2009, 686965
Alaska, 02,	2010	,2010,694109
Alaska, 02,	2011	,2011, 701381
Alaska, 02,	2012	,2012,708914
Alaska, 02,	2013	,2013, 716684
Alaska, 02,	2014	,2014,724553
Alaska, 02,	2015	,2015, 732544
Alaska, 02,	2016	,2016,740704
Alaska, 02,	2017	,2017, 748945
Alaska, 02,	2018	,2018,757331
Alaska, 02,	2019	,2019, 765831
Alaska, 02,	2020	,2020,774421
Alaska, 02,	2021	,2021, 783195
Alaska, 02,	2022	,2022,792219
Alaska, 02,	2023	,2023, 801435
Alaska, 02,	2024	,2024,810992
Alaska, 02,	2025	,2025, 820881
Alaska, 02,	2026	,2026,830576
Alaska, 02,	2027	,2027, 840106
Alaska, 02,	2028	,2028,849465
Alaska, 02,	2029	,2029, 858638
Alaska, 02,	2030	,2030,867674
Arizona, 04,	2004	,2004, 5723060
Arizona, 04,	2005	,2005,5868004
Arizona, 04,	2006	,2006, 6016116
Arizona, 04,	2007	,2007,6167024
Arizona, 04,	2008	,2008, 6320874
Arizona, 04,	2009	,2009,6477686
Arizona, 04,	2010	,2010, 6637381
Arizona, 04,	2011	,2011,6800697
Arizona, 04,	2012	,2012, 6968066
Arizona, 04,	2013	,2013,7139678
Arizona, 04,	2014	,2014, 7315364
Arizona, 04,	2015	,2015,7495238
Arizona, 04,	2016	,2016, 7679249
Arizona, 04,	2017	,2017,7867317
Arizona, 04,	2018	,2018, 8059487
Arizona, 04,	2019	,2019,8255876
Arizona, 04,	2020	,2020, 8456448
Arizona, 04,	2021	,2021,8661628
Arizona, 04,	2022	,2022, 8871581
Arizona, 04,	2023	,2023,9086570
Arizona, 04,	2024	,2024, 9306480
Arizona, 04,	2025	,2025,9531537
Arizona, 04,	2026	,2026, 9760275
Arizona, 04,	2027	,2027,9992720
Arizona, 04,	2028	,2028, 10228744
Arizona, 04,	2029	,2029,10468679
Arizona, 04,	2030	,2030, 10712397
Arkansas, 05,	2004	,2004,2756801
Arkansas, 05,	2005	,2005, 2777007
Arkansas, 05,	2006	,2006,2797096
Arkansas, 05,	2007	,2007, 2816936
Arkansas, 05,	2008	,2008,2836580
Arkansas, 05,	2009	,2009, 2855960
Arkansas, 05,	2010	,2010,2875039
Arkansas, 05,	2011	,2011, 2893966
Arkansas, 05,	2012	,2012,2912801
Arkansas, 05,	2013	,2013, 2931613
Arkansas, 05,	2014	,2014,2950287
Arkansas, 05,	2015	,2015, 2968913
Arkansas, 05,	2016	,2016,2987368
Arkansas, 05,	2017	,2017, 3005726
Arkansas, 05,	2018	,2018,3023989
Arkansas, 05,	2019	,2019, 3042139
Arkansas, 05,	2020	,2020,3060219
Arkansas, 05,	2021	,2021, 3078304
Arkansas, 05,	2022	,2022,3096402
Arkansas, 05,	2023	,2023, 3114547
Arkansas, 05,	2024	,2024,3132786
Arkansas, 05,	2025	,2025, 3151005
Arkansas, 05,	2026	,2026,3169170
Arkansas, 05,	2027	,2027, 3187183
Arkansas, 05,	2028	,2028,3205040
Arkansas, 05,	2029	,2029, 3222760
Arkansas, 05,	2030	,2030,3240208
California, 06,	2004	,2004, 35627966
California, 06,	2005	,2005,36038859
California, 06,	2006	,2006, 36449380
California, 06,	2007	,2007,36857069
California, 06,	2008	,2008, 37262310
California, 06,	2009	,2009,37665703
California, 06,	2010	,2010, 38067134
California, 06,	2011	,2011,38469883
California, 06,	2012	,2012, 38877863
California, 06,	2013	,2013,39290168
California, 06,	2014	,2014, 39705716
California, 06,	2015	,2015,40123232
California, 06,	2016	,2016, 40541658
California, 06,	2017	,2017,40959943
California, 06,	2018	,2018, 41377233
California, 06,	2019	,2019,41793201
California, 06,	2020	,2020, 42206743
California, 06,	2021	,2021,42621044
California, 06,	2022	,2022, 43038400
California, 06,	2023	,2023,43458537
California, 06,	2024	,2024, 43880767
California, 06,	2025	,2025,44305177
California, 06,	2026	,2026, 44730796
California, 06,	2027	,2027,45157132
California, 06,	2028	,2028, 45584544
California, 06,	2029	,2029,46013544
California, 06,	2030	,2030, 46444861
Colorado, 08,	2004	,2004,4574908
Colorado, 08,	2005	,2005, 4617962
Colorado, 08,	2006	,2006,4661034
Colorado, 08,	2007	,2007, 4703833
Colorado, 08,	2008	,2008,4746528
Colorado, 08,	2009	,2009, 4789060
Colorado, 08,	2010	,2010,4831554
Colorado, 08,	2011	,2011, 4874231
Colorado, 08,	2012	,2012,4917355
Colorado, 08,	2013	,2013, 4960914
Colorado, 08,	2014	,2014,5004965
Colorado, 08,	2015	,2015, 5049493
Colorado, 08,	2016	,2016,5094505
Colorado, 08,	2017	,2017, 5139904
Colorado, 08,	2018	,2018,5185795
Colorado, 08,	2019	,2019, 5232108
Colorado, 08,	2020	,2020,5278867
Colorado, 08,	2021	,2021, 5326177
Colorado, 08,	2022	,2022,5374263
Colorado, 08,	2023	,2023, 5423079
Colorado, 08,	2024	,2024,5472581
Colorado, 08,	2025	,2025, 5522803
Colorado, 08,	2026	,2026,5574258
Colorado, 08,	2027	,2027, 5626850
Colorado, 08,	2028	,2028,5680680
Colorado, 08,	2029	,2029, 5735899
Colorado, 08,	2030	,2030,5792357
Connecticut, 09,	2004	,2004, 3485593
Connecticut, 09,	2005	,2005,3503185
Connecticut, 09,	2006	,2006, 3519930
Connecticut, 09,	2007	,2007,3535579
Connecticut, 09,	2008	,2008, 3550416
Connecticut, 09,	2009	,2009,3564393
Connecticut, 09,	2010	,2010, 3577490
Connecticut, 09,	2011	,2011,3590023
Connecticut, 09,	2012	,2012, 3602158
Connecticut, 09,	2013	,2013,3613835
Connecticut, 09,	2014	,2014, 3624896
Connecticut, 09,	2015	,2015,3635414
Connecticut, 09,	2016	,2016, 3645212
Connecticut, 09,	2017	,2017,3654173
Connecticut, 09,	2018	,2018, 3662364
Connecticut, 09,	2019	,2019,3669544
Connecticut, 09,	2020	,2020, 3675650
Connecticut, 09,	2021	,2021,3680713
Connecticut, 09,	2022	,2022, 3684845
Connecticut, 09,	2023	,2023,3688001
Connecticut, 09,	2024	,2024, 3690067
Connecticut, 09,	2025	,2025,3691016
Connecticut, 09,	2026	,2026, 3691567
Connecticut, 09,	2027	,2027,3691611
Connecticut, 09,	2028	,2028, 3691198
Connecticut, 09,	2029	,2029,3690174
Connecticut, 09,	2030	,2030, 3688630
Delaware, 10,	2004	,2004,826804
Delaware, 10,	2005	,2005, 836687
Delaware, 10,	2006	,2006,846484
Delaware, 10,	2007	,2007, 856170
Delaware, 10,	2008	,2008,865705
Delaware, 10,	2009	,2009, 875117
Delaware, 10,	2010	,2010,884342
Delaware, 10,	2011	,2011, 893422
Delaware, 10,	2012	,2012,902264
Delaware, 10,	2013	,2013, 910889
Delaware, 10,	2014	,2014,919299
Delaware, 10,	2015	,2015, 927400
Delaware, 10,	2016	,2016,935223
Delaware, 10,	2017	,2017, 942751
Delaware, 10,	2018	,2018,949937
Delaware, 10,	2019	,2019, 956706
Delaware, 10,	2020	,2020,963209
Delaware, 10,	2021	,2021, 969362
Delaware, 10,	2022	,2022,975210
Delaware, 10,	2023	,2023, 980713
Delaware, 10,	2024	,2024,985857
Delaware, 10,	2025	,2025, 990694
Delaware, 10,	2026	,2026,995366
Delaware, 10,	2027	,2027, 999899
Delaware, 10,	2028	,2028,1004298
Delaware, 10,	2029	,2029, 1008547
Delaware, 10,	2030	,2030,1012658
District of Columbia, 11,	2004	,2004, 555363
District of Columbia, 11,	2005	,2005,551136
District of Columbia, 11,	2006	,2006, 546944
District of Columbia, 11,	2007	,2007,542735
District of Columbia, 11,	2008	,2008, 538487
District of Columbia, 11,	2009	,2009,534202
District of Columbia, 11,	2010	,2010, 529785
District of Columbia, 11,	2011	,2011,525289
District of Columbia, 11,	2012	,2012, 520712
District of Columbia, 11,	2013	,2013,516005
District of Columbia, 11,	2014	,2014, 511233
District of Columbia, 11,	2015	,2015,506323
District of Columbia, 11,	2016	,2016, 501333
District of Columbia, 11,	2017	,2017,496175
District of Columbia, 11,	2018	,2018, 491009
District of Columbia, 11,	2019	,2019,485768
District of Columbia, 11,	2020	,2020, 480540
District of Columbia, 11,	2021	,2021,475313
District of Columbia, 11,	2022	,2022, 470147
District of Columbia, 11,	2023	,2023,465050
District of Columbia, 11,	2024	,2024, 460046
District of Columbia, 11,	2025	,2025,455108
District of Columbia, 11,	2026	,2026, 450365
District of Columbia, 11,	2027	,2027,445794
District of Columbia, 11,	2028	,2028, 441489
District of Columbia, 11,	2029	,2029,437383
District of Columbia, 11,	2030	,2030, 433414
Florida, 12,	2004	,2004,17182574
Florida, 12,	2005	,2005, 17509827
Florida, 12,	2006	,2006,17844630
Florida, 12,	2007	,2007, 18185887
Florida, 12,	2008	,2008,18533980
Florida, 12,	2009	,2009, 18889187
Florida, 12,	2010	,2010,19251691
Florida, 12,	2011	,2011, 19622736
Florida, 12,	2012	,2012,20003427
Florida, 12,	2013	,2013, 20393946
Florida, 12,	2014	,2014,20794144
Florida, 12,	2015	,2015, 21204132
Florida, 12,	2016	,2016,21624076
Florida, 12,	2017	,2017, 22053899
Florida, 12,	2018	,2018,22493926
Florida, 12,	2019	,2019, 22944739
Florida, 12,	2020	,2020,23406525
Florida, 12,	2021	,2021, 23880431
Florida, 12,	2022	,2022,24367532
Florida, 12,	2023	,2023, 24868128
Florida, 12,	2024	,2024,25382899
Florida, 12,	2025	,2025, 25912458
Florida, 12,	2026	,2026,26450121
Florida, 12,	2027	,2027, 26995836
Florida, 12,	2028	,2028,27550050
Florida, 12,	2029	,2029, 28113244
Florida, 12,	2030	,2030,28685769
Georgia, 13,	2004	,2004, 8791776
Georgia, 13,	2005	,2005,8925796
Georgia, 13,	2006	,2006, 9059743
Georgia, 13,	2007	,2007,9193057
Georgia, 13,	2008	,2008, 9325827
Georgia, 13,	2009	,2009,9457857
Georgia, 13,	2010	,2010, 9589080
Georgia, 13,	2011	,2011,9719339
Georgia, 13,	2012	,2012, 9848769
Georgia, 13,	2013	,2013,9977201
Georgia, 13,	2014	,2014, 10104512
Georgia, 13,	2015	,2015,10230578
Georgia, 13,	2016	,2016, 10355485
Georgia, 13,	2017	,2017,10479164
Georgia, 13,	2018	,2018, 10601663
Georgia, 13,	2019	,2019,10723197
Georgia, 13,	2020	,2020, 10843753
Georgia, 13,	2021	,2021,10963625
Georgia, 13,	2022	,2022, 11083165
Georgia, 13,	2023	,2023,11202275
Georgia, 13,	2024	,2024, 11320789
Georgia, 13,	2025	,2025,11438622
Georgia, 13,	2026	,2026, 11556027
Georgia, 13,	2027	,2027,11672741
Georgia, 13,	2028	,2028, 11788643
Georgia, 13,	2029	,2029,11903720
Georgia, 13,	2030	,2030, 12017838
Hawaii, 15,	2004	,2004,1261599
Hawaii, 15,	2005	,2005, 1276552
Hawaii, 15,	2006	,2006,1290984
Hawaii, 15,	2007	,2007, 1304704
Hawaii, 15,	2008	,2008,1317607
Hawaii, 15,	2009	,2009, 1329479
Hawaii, 15,	2010	,2010,1340674
Hawaii, 15,	2011	,2011, 1351329
Hawaii, 15,	2012	,2012,1361296
Hawaii, 15,	2013	,2013, 1370471
Hawaii, 15,	2014	,2014,1378731
Hawaii, 15,	2015	,2015, 1385952
Hawaii, 15,	2016	,2016,1391955
Hawaii, 15,	2017	,2017, 1397258
Hawaii, 15,	2018	,2018,1402403
Hawaii, 15,	2019	,2019, 1407471
Hawaii, 15,	2020	,2020,1412373
Hawaii, 15,	2021	,2021, 1417285
Hawaii, 15,	2022	,2022,1422429
Hawaii, 15,	2023	,2023, 1427696
Hawaii, 15,	2024	,2024,1433110
Hawaii, 15,	2025	,2025, 1438720
Hawaii, 15,	2026	,2026,1444337
Hawaii, 15,	2027	,2027, 1449822
Hawaii, 15,	2028	,2028,1455256
Hawaii, 15,	2029	,2029, 1460651
Hawaii, 15,	2030	,2030,1466046
Idaho, 16,	2004	,2004, 1385861
Idaho, 16,	2005	,2005,1407060
Idaho, 16,	2006	,2006, 1428666
Idaho, 16,	2007	,2007,1450503
Idaho, 16,	2008	,2008, 1472584
Idaho, 16,	2009	,2009,1494862
Idaho, 16,	2010	,2010, 1517291
Idaho, 16,	2011	,2011,1539854
Idaho, 16,	2012	,2012, 1562398
Idaho, 16,	2013	,2013,1584998
Idaho, 16,	2014	,2014, 1607559
Idaho, 16,	2015	,2015,1630045
Idaho, 16,	2016	,2016, 1652489
Idaho, 16,	2017	,2017,1674865
Idaho, 16,	2018	,2018, 1697103
Idaho, 16,	2019	,2019,1719239
Idaho, 16,	2020	,2020, 1741333
Idaho, 16,	2021	,2021,1763458
Idaho, 16,	2022	,2022, 1785567
Idaho, 16,	2023	,2023,1807798
Idaho, 16,	2024	,2024, 1830096
Idaho, 16,	2025	,2025,1852627
Idaho, 16,	2026	,2026, 1875386
Idaho, 16,	2027	,2027,1898403
Idaho, 16,	2028	,2028, 1921784
Idaho, 16,	2029	,2029,1945505
Idaho, 16,	2030	,2030, 1969624
Illinois, 17,	2004	,2004,12650414
Illinois, 17,	2005	,2005, 12699336
Illinois, 17,	2006	,2006,12746931
Illinois, 17,	2007	,2007, 12792383
Illinois, 17,	2008	,2008,12835851
Illinois, 17,	2009	,2009, 12877420
Illinois, 17,	2010	,2010,12916894
Illinois, 17,	2011	,2011, 12955082
Illinois, 17,	2012	,2012,12992537
Illinois, 17,	2013	,2013, 13028814
Illinois, 17,	2014	,2014,13063852
Illinois, 17,	2015	,2015, 13097218
Illinois, 17,	2016	,2016,13128924
Illinois, 17,	2017	,2017, 13158664
Illinois, 17,	2018	,2018,13186604
Illinois, 17,	2019	,2019, 13212633
Illinois, 17,	2020	,2020,13236720
Illinois, 17,	2021	,2021, 13259305
Illinois, 17,	2022	,2022,13280998
Illinois, 17,	2023	,2023, 13301720
Illinois, 17,	2024	,2024,13321572
Illinois, 17,	2025	,2025, 13340507
Illinois, 17,	2026	,2026,13359250
Illinois, 17,	2027	,2027, 13377911
Illinois, 17,	2028	,2028,13396347
Illinois, 17,	2029	,2029, 13414616
Illinois, 17,	2030	,2030,13432892
Indiana, 18,	2004	,2004, 6219190
Indiana, 18,	2005	,2005,6249617
Indiana, 18,	2006	,2006, 6279646
Indiana, 18,	2007	,2007,6308905
Indiana, 18,	2008	,2008, 6337404
Indiana, 18,	2009	,2009,6365157
Indiana, 18,	2010	,2010, 6392139
Indiana, 18,	2011	,2011,6418398
Indiana, 18,	2012	,2012, 6444116
Indiana, 18,	2013	,2013,6469266
Indiana, 18,	2014	,2014, 6493780
Indiana, 18,	2015	,2015,6517631
Indiana, 18,	2016	,2016, 6540916
Indiana, 18,	2017	,2017,6563494
Indiana, 18,	2018	,2018, 6585386
Indiana, 18,	2019	,2019,6606554
Indiana, 18,	2020	,2020, 6627008
Indiana, 18,	2021	,2021,6646851
Indiana, 18,	2022	,2022, 6666200
Indiana, 18,	2023	,2023,6685094
Indiana, 18,	2024	,2024, 6703479
Indiana, 18,	2025	,2025,6721322
Indiana, 18,	2026	,2026, 6739157
Indiana, 18,	2027	,2027,6756913
Indiana, 18,	2028	,2028, 6774671
Indiana, 18,	2029	,2029,6792392
Indiana, 18,	2030	,2030, 6810108
Iowa, 19,	2004	,2004,2964689
Iowa, 19,	2005	,2005, 2973700
Iowa, 19,	2006	,2006,2982331
Iowa, 19,	2007	,2007, 2990331
Iowa, 19,	2008	,2008,2997608
Iowa, 19,	2009	,2009, 3004163
Iowa, 19,	2010	,2010,3009907
Iowa, 19,	2011	,2011, 3014826
Iowa, 19,	2012	,2012,3018988
Iowa, 19,	2013	,2013, 3022322
Iowa, 19,	2014	,2014,3024770
Iowa, 19,	2015	,2015, 3026380
Iowa, 19,	2016	,2016,3027058
Iowa, 19,	2017	,2017, 3026831
Iowa, 19,	2018	,2018,3025631
Iowa, 19,	2019	,2019, 3023507
Iowa, 19,	2020	,2020,3020496
Iowa, 19,	2021	,2021, 3016578
Iowa, 19,	2022	,2022,3011877
Iowa, 19,	2023	,2023, 3006420
Iowa, 19,	2024	,2024,3000209
Iowa, 19,	2025	,2025, 2993222
Iowa, 19,	2026	,2026,2986028
Iowa, 19,	2027	,2027, 2978613
Iowa, 19,	2028	,2028,2970959
Iowa, 19,	2029	,2029, 2963192
Iowa, 19,	2030	,2030,2955172
Kansas, 20,	2004	,2004, 2740172
Kansas, 20,	2005	,2005,2751509
Kansas, 20,	2006	,2006, 2762802
Kansas, 20,	2007	,2007,2773846
Kansas, 20,	2008	,2008, 2784728
Kansas, 20,	2009	,2009,2795261
Kansas, 20,	2010	,2010, 2805470
Kansas, 20,	2011	,2011,2815413
Kansas, 20,	2012	,2012, 2825154
Kansas, 20,	2013	,2013,2834644
Kansas, 20,	2014	,2014, 2843856
Kansas, 20,	2015	,2015,2852690
Kansas, 20,	2016	,2016, 2861120
Kansas, 20,	2017	,2017,2869179
Kansas, 20,	2018	,2018, 2876728
Kansas, 20,	2019	,2019,2883852
Kansas, 20,	2020	,2020, 2890566
Kansas, 20,	2021	,2021,2896901
Kansas, 20,	2022	,2022, 2902887
Kansas, 20,	2023	,2023,2908587
Kansas, 20,	2024	,2024, 2913953
Kansas, 20,	2025	,2025,2919002
Kansas, 20,	2026	,2026, 2923777
Kansas, 20,	2027	,2027,2928236
Kansas, 20,	2028	,2028, 2932414
Kansas, 20,	2029	,2029,2936389
Kansas, 20,	2030	,2030, 2940084
Kentucky, 21,	2004	,2004,4140973
Kentucky, 21,	2005	,2005, 4163360
Kentucky, 21,	2006	,2006,4185243
Kentucky, 21,	2007	,2007, 4206322
Kentucky, 21,	2008	,2008,4226659
Kentucky, 21,	2009	,2009, 4246263
Kentucky, 21,	2010	,2010,4265117
Kentucky, 21,	2011	,2011, 4283366
Kentucky, 21,	2012	,2012,4301131
Kentucky, 21,	2013	,2013, 4318351
Kentucky, 21,	2014	,2014,4335031
Kentucky, 21,	2015	,2015, 4351188
Kentucky, 21,	2016	,2016,4366811
Kentucky, 21,	2017	,2017, 4381907
Kentucky, 21,	2018	,2018,4396540
Kentucky, 21,	2019	,2019, 4410702
Kentucky, 21,	2020	,2020,4424431
Kentucky, 21,	2021	,2021, 4437842
Kentucky, 21,	2022	,2022,4451079
Kentucky, 21,	2023	,2023, 4464097
Kentucky, 21,	2024	,2024,4476927
Kentucky, 21,	2025	,2025, 4489662
Kentucky, 21,	2026	,2026,4502483
Kentucky, 21,	2027	,2027, 4515390
Kentucky, 21,	2028	,2028,4528423
Kentucky, 21,	2029	,2029, 4541613
Kentucky, 21,	2030	,2030,4554998
Louisiana, 22,	2004	,2004, 4516622
Louisiana, 22,	2005	,2005,4534310
Louisiana, 22,	2006	,2006, 4551538
Louisiana, 22,	2007	,2007,4568034
Louisiana, 22,	2008	,2008, 4583733
Louisiana, 22,	2009	,2009,4598636
Louisiana, 22,	2010	,2010, 4612679
Louisiana, 22,	2011	,2011,4626124
Louisiana, 22,	2012	,2012, 4638996
Louisiana, 22,	2013	,2013,4651282
Louisiana, 22,	2014	,2014, 4662850
Louisiana, 22,	2015	,2015,4673721
Louisiana, 22,	2016	,2016, 4683885
Louisiana, 22,	2017	,2017,4693413
Louisiana, 22,	2018	,2018, 4702379
Louisiana, 22,	2019	,2019,4710957
Louisiana, 22,	2020	,2020, 4719160
Louisiana, 22,	2021	,2021,4727344
Louisiana, 22,	2022	,2022, 4735656
Louisiana, 22,	2023	,2023,4744316
Louisiana, 22,	2024	,2024, 4753194
Louisiana, 22,	2025	,2025,4762398
Louisiana, 22,	2026	,2026, 4771212
Louisiana, 22,	2027	,2027,4779619
Louisiana, 22,	2028	,2028, 4787625
Louisiana, 22,	2029	,2029,4795307
Louisiana, 22,	2030	,2030, 4802633
Maine, 23,	2004	,2004,1310421
Maine, 23,	2005	,2005, 1318557
Maine, 23,	2006	,2006,1326648
Maine, 23,	2007	,2007, 1334554
Maine, 23,	2008	,2008,1342286
Maine, 23,	2009	,2009, 1349786
Maine, 23,	2010	,2010,1357134
Maine, 23,	2011	,2011, 1364209
Maine, 23,	2012	,2012,1370982
Maine, 23,	2013	,2013, 1377388
Maine, 23,	2014	,2014,1383367
Maine, 23,	2015	,2015, 1388878
Maine, 23,	2016	,2016,1393949
Maine, 23,	2017	,2017, 1398490
Maine, 23,	2018	,2018,1402465
Maine, 23,	2019	,2019, 1405839
Maine, 23,	2020	,2020,1408665
Maine, 23,	2021	,2021, 1410938
Maine, 23,	2022	,2022,1412605
Maine, 23,	2023	,2023, 1413737
Maine, 23,	2024	,2024,1414345
Maine, 23,	2025	,2025, 1414402
Maine, 23,	2026	,2026,1414195
Maine, 23,	2027	,2027, 1413762
Maine, 23,	2028	,2028,1413071
Maine, 23,	2029	,2029, 1412214
Maine, 23,	2030	,2030,1411097
Maryland, 24,	2004	,2004, 5539487
Maryland, 24,	2005	,2005,5600563
Maryland, 24,	2006	,2006, 5661630
Maryland, 24,	2007	,2007,5722510
Maryland, 24,	2008	,2008, 5783344
Maryland, 24,	2009	,2009,5844175
Maryland, 24,	2010	,2010, 5904970
Maryland, 24,	2011	,2011,5965771
Maryland, 24,	2012	,2012, 6026667
Maryland, 24,	2013	,2013,6087491
Maryland, 24,	2014	,2014, 6148131
Maryland, 24,	2015	,2015,6208392
Maryland, 24,	2016	,2016, 6268046
Maryland, 24,	2017	,2017,6326990
Maryland, 24,	2018	,2018, 6384972
Maryland, 24,	2019	,2019,6441889
Maryland, 24,	2020	,2020, 6497626
Maryland, 24,	2021	,2021,6552328
Maryland, 24,	2022	,2022, 6606198
Maryland, 24,	2023	,2023,6659221
Maryland, 24,	2024	,2024, 6711375
Maryland, 24,	2025	,2025,6762732
Maryland, 24,	2026	,2026, 6814171
Maryland, 24,	2027	,2027,6865707
Maryland, 24,	2028	,2028, 6917455
Maryland, 24,	2029	,2029,6969602
Maryland, 24,	2030	,2030, 7022251
Massachusetts, 25,	2004	,2004,6488615
Massachusetts, 25,	2005	,2005, 6518868
Massachusetts, 25,	2006	,2006,6547882
Massachusetts, 25,	2007	,2007, 6575260
Massachusetts, 25,	2008	,2008,6601235
Massachusetts, 25,	2009	,2009, 6625910
Massachusetts, 25,	2010	,2010,6649441
Massachusetts, 25,	2011	,2011, 6672213
Massachusetts, 25,	2012	,2012,6694497
Massachusetts, 25,	2013	,2013, 6716305
Massachusetts, 25,	2014	,2014,6737663
Massachusetts, 25,	2015	,2015, 6758580
Massachusetts, 25,	2016	,2016,6779024
Massachusetts, 25,	2017	,2017, 6799016
Massachusetts, 25,	2018	,2018,6818537
Massachusetts, 25,	2019	,2019, 6837397
Massachusetts, 25,	2020	,2020,6855546
Massachusetts, 25,	2021	,2021, 6873128
Massachusetts, 25,	2022	,2022,6890339
Massachusetts, 25,	2023	,2023, 6907115
Massachusetts, 25,	2024	,2024,6923257
Massachusetts, 25,	2025	,2025, 6938636
Massachusetts, 25,	2026	,2026,6953819
Massachusetts, 25,	2027	,2027, 6968792
Massachusetts, 25,	2028	,2028,6983551
Massachusetts, 25,	2029	,2029, 6997904
Massachusetts, 25,	2030	,2030,7012009
Michigan, 26,	2004	,2004, 10158867
Michigan, 26,	2005	,2005,10207421
Michigan, 26,	2006	,2006, 10254919
Michigan, 26,	2007	,2007,10300770
Michigan, 26,	2008	,2008, 10345033
Michigan, 26,	2009	,2009,10387724
Michigan, 26,	2010	,2010, 10428683
Michigan, 26,	2011	,2011,10467470
Michigan, 26,	2012	,2012, 10504167
Michigan, 26,	2013	,2013,10538487
Michigan, 26,	2014	,2014, 10570208
Michigan, 26,	2015	,2015,10599122
Michigan, 26,	2016	,2016, 10625075
Michigan, 26,	2017	,2017,10647852
Michigan, 26,	2018	,2018, 10667356
Michigan, 26,	2019	,2019,10683432
Michigan, 26,	2020	,2020, 10695993
Michigan, 26,	2021	,2021,10705348
Michigan, 26,	2022	,2022, 10711744
Michigan, 26,	2023	,2023,10715229
Michigan, 26,	2024	,2024, 10715859
Michigan, 26,	2025	,2025,10713730
Michigan, 26,	2026	,2026, 10710956
Michigan, 26,	2027	,2027,10707608
Michigan, 26,	2028	,2028, 10703630
Michigan, 26,	2029	,2029,10699075
Michigan, 26,	2030	,2030, 10694172
Minnesota, 27,	2004	,2004,5126608
Minnesota, 27,	2005	,2005, 5174743
Minnesota, 27,	2006	,2006,5223471
Minnesota, 27,	2007	,2007, 5272397
Minnesota, 27,	2008	,2008,5321587
Minnesota, 27,	2009	,2009, 5371036
Minnesota, 27,	2010	,2010,5420636
Minnesota, 27,	2011	,2011, 5470382
Minnesota, 27,	2012	,2012,5520182
Minnesota, 27,	2013	,2013, 5569829
Minnesota, 27,	2014	,2014,5619270
Minnesota, 27,	2015	,2015, 5668211
Minnesota, 27,	2016	,2016,5716580
Minnesota, 27,	2017	,2017, 5764136
Minnesota, 27,	2018	,2018,5810811
Minnesota, 27,	2019	,2019, 5856391
Minnesota, 27,	2020	,2020,5900769
Minnesota, 27,	2021	,2021, 5944197
Minnesota, 27,	2022	,2022,5986721
Minnesota, 27,	2023	,2023, 6028284
Minnesota, 27,	2024	,2024,6068940
Minnesota, 27,	2025	,2025, 6108787
Minnesota, 27,	2026	,2026,6148425
Minnesota, 27,	2027	,2027, 6187877
Minnesota, 27,	2028	,2028,6227224
Minnesota, 27,	2029	,2029, 6266653
Minnesota, 27,	2030	,2030,6306130
Mississippi, 28,	2004	,2004, 2903196
Mississippi, 28,	2005	,2005,2915696
Mississippi, 28,	2006	,2006, 2927857
Mississippi, 28,	2007	,2007,2939520
Mississippi, 28,	2008	,2008, 2950652
Mississippi, 28,	2009	,2009,2961313
Mississippi, 28,	2010	,2010, 2971412
Mississippi, 28,	2011	,2011,2981038
Mississippi, 28,	2012	,2012, 2990221
Mississippi, 28,	2013	,2013,2998838
Mississippi, 28,	2014	,2014, 3006893
Mississippi, 28,	2015	,2015,3014409
Mississippi, 28,	2016	,2016, 3021422
Mississippi, 28,	2017	,2017,3027943
Mississippi, 28,	2018	,2018, 3033918
Mississippi, 28,	2019	,2019,3039491
Mississippi, 28,	2020	,2020, 3044812
Mississippi, 28,	2021	,2021,3049912
Mississippi, 28,	2022	,2022, 3054907
Mississippi, 28,	2023	,2023,3059826
Mississippi, 28,	2024	,2024, 3064645
Mississippi, 28,	2025	,2025,3069420
Mississippi, 28,	2026	,2026, 3074137
Mississippi, 28,	2027	,2027,3078739
Mississippi, 28,	2028	,2028, 3083360
Mississippi, 28,	2029	,2029,3087905
Mississippi, 28,	2030	,2030, 3092410
Missouri, 29,	2004	,2004,5733240
Missouri, 29,	2005	,2005, 5765166
Missouri, 29,	2006	,2006,5797176
Missouri, 29,	2007	,2007, 5828894
Missouri, 29,	2008	,2008,5860326
Missouri, 29,	2009	,2009, 5891421
Missouri, 29,	2010	,2010,5922078
Missouri, 29,	2011	,2011, 5952408
Missouri, 29,	2012	,2012,5982482
Missouri, 29,	2013	,2013, 6012096
Missouri, 29,	2014	,2014,6041117
Missouri, 29,	2015	,2015, 6069556
Missouri, 29,	2016	,2016,6097239
Missouri, 29,	2017	,2017, 6124161
Missouri, 29,	2018	,2018,6150240
Missouri, 29,	2019	,2019, 6175464
Missouri, 29,	2020	,2020,6199882
Missouri, 29,	2021	,2021, 6223645
Missouri, 29,	2022	,2022,6247117
Missouri, 29,	2023	,2023, 6270151
Missouri, 29,	2024	,2024,6292890
Missouri, 29,	2025	,2025, 6315366
Missouri, 29,	2026	,2026,6337968
Missouri, 29,	2027	,2027, 6360641
Missouri, 29,	2028	,2028,6383548
Missouri, 29,	2029	,2029, 6406706
Missouri, 29,	2030	,2030,6430173
Montana, 30,	2004	,2004, 925739
Montana, 30,	2005	,2005,933005
Montana, 30,	2006	,2006, 940249
Montana, 30,	2007	,2007,947474
Montana, 30,	2008	,2008, 954653
Montana, 30,	2009	,2009,961691
Montana, 30,	2010	,2010, 968598
Montana, 30,	2011	,2011,975263
Montana, 30,	2012	,2012, 981733
Montana, 30,	2013	,2013,987918
Montana, 30,	2014	,2014, 993847
Montana, 30,	2015	,2015,999489
Montana, 30,	2016	,2016, 1004798
Montana, 30,	2017	,2017,1009805
Montana, 30,	2018	,2018, 1014482
Montana, 30,	2019	,2019,1018788
Montana, 30,	2020	,2020, 1022735
Montana, 30,	2021	,2021,1026314
Montana, 30,	2022	,2022, 1029536
Montana, 30,	2023	,2023,1032468
Montana, 30,	2024	,2024, 1035086
Montana, 30,	2025	,2025,1037387
Montana, 30,	2026	,2026, 1039410
Montana, 30,	2027	,2027,1041119
Montana, 30,	2028	,2028, 1042611
Montana, 30,	2029	,2029,1043847
Montana, 30,	2030	,2030, 1044898
Nebraska, 31,	2004	,2004,1738973
Nebraska, 31,	2005	,2005, 1744370
Nebraska, 31,	2006	,2006,1749744
Nebraska, 31,	2007	,2007, 1754895
Nebraska, 31,	2008	,2008,1759829
Nebraska, 31,	2009	,2009, 1764533
Nebraska, 31,	2010	,2010,1768997
Nebraska, 31,	2011	,2011, 1773254
Nebraska, 31,	2012	,2012,1777346
Nebraska, 31,	2013	,2013, 1781282
Nebraska, 31,	2014	,2014,1785004
Nebraska, 31,	2015	,2015, 1788508
Nebraska, 31,	2016	,2016,1791808
Nebraska, 31,	2017	,2017, 1794867
Nebraska, 31,	2018	,2018,1797687
Nebraska, 31,	2019	,2019, 1800270
Nebraska, 31,	2020	,2020,1802678
Nebraska, 31,	2021	,2021, 1804909
Nebraska, 31,	2022	,2022,1807022
Nebraska, 31,	2023	,2023, 1809017
Nebraska, 31,	2024	,2024,1810951
Nebraska, 31,	2025	,2025, 1812787
Nebraska, 31,	2026	,2026,1814576
Nebraska, 31,	2027	,2027, 1816187
Nebraska, 31,	2028	,2028,1817664
Nebraska, 31,	2029	,2029, 1819031
Nebraska, 31,	2030	,2030,1820247
Nevada, 32,	2004	,2004, 2287735
Nevada, 32,	2005	,2005,2352086
Nevada, 32,	2006	,2006, 2417645
Nevada, 32,	2007	,2007,2484229
Nevada, 32,	2008	,2008, 2551889
Nevada, 32,	2009	,2009,2620688
Nevada, 32,	2010	,2010, 2690531
Nevada, 32,	2011	,2011,2761512
Nevada, 32,	2012	,2012, 2833751
Nevada, 32,	2013	,2013,2907321
Nevada, 32,	2014	,2014, 2982168
Nevada, 32,	2015	,2015,3058190
Nevada, 32,	2016	,2016, 3135270
Nevada, 32,	2017	,2017,3213364
Nevada, 32,	2018	,2018, 3292272
Nevada, 32,	2019	,2019,3371938
Nevada, 32,	2020	,2020, 3452283
Nevada, 32,	2021	,2021,3533242
Nevada, 32,	2022	,2022, 3614974
Nevada, 32,	2023	,2023,3697316
Nevada, 32,	2024	,2024, 3780129
Nevada, 32,	2025	,2025,3863298
Nevada, 32,	2026	,2026, 3946723
Nevada, 32,	2027	,2027,4030363
Nevada, 32,	2028	,2028, 4114119
Nevada, 32,	2029	,2029,4198048
Nevada, 32,	2030	,2030, 4282102
New Hampshire, 33,	2004	,2004,1300732
New Hampshire, 33,	2005	,2005, 1314821
New Hampshire, 33,	2006	,2006,1328967
New Hampshire, 33,	2007	,2007, 1343079
New Hampshire, 33,	2008	,2008,1357216
New Hampshire, 33,	2009	,2009, 1371386
New Hampshire, 33,	2010	,2010,1385560
New Hampshire, 33,	2011	,2011, 1399835
New Hampshire, 33,	2012	,2012,1414107
New Hampshire, 33,	2013	,2013, 1428369
New Hampshire, 33,	2014	,2014,1442550
New Hampshire, 33,	2015	,2015, 1456679
New Hampshire, 33,	2016	,2016,1470734
New Hampshire, 33,	2017	,2017, 1484598
New Hampshire, 33,	2018	,2018,1498286
New Hampshire, 33,	2019	,2019, 1511668
New Hampshire, 33,	2020	,2020,1524751
New Hampshire, 33,	2021	,2021, 1537602
New Hampshire, 33,	2022	,2022,1550181
New Hampshire, 33,	2023	,2023, 1562470
New Hampshire, 33,	2024	,2024,1574541
New Hampshire, 33,	2025	,2025, 1586348
New Hampshire, 33,	2026	,2026,1598205
New Hampshire, 33,	2027	,2027, 1610091
New Hampshire, 33,	2028	,2028,1622086
New Hampshire, 33,	2029	,2029, 1634190
New Hampshire, 33,	2030	,2030,1646471
New Jersey, 34,	2004	,2004, 8684081
New Jersey, 34,	2005	,2005,8745279
New Jersey, 34,	2006	,2006, 8804453
New Jersey, 34,	2007	,2007,8861078
New Jersey, 34,	2008	,2008, 8915495
New Jersey, 34,	2009	,2009,8967868
New Jersey, 34,	2010	,2010, 9018231
New Jersey, 34,	2011	,2011,9067407
New Jersey, 34,	2012	,2012, 9115852
New Jersey, 34,	2013	,2013,9163478
New Jersey, 34,	2014	,2014, 9210179
New Jersey, 34,	2015	,2015,9255769
New Jersey, 34,	2016	,2016, 9300045
New Jersey, 34,	2017	,2017,9342938
New Jersey, 34,	2018	,2018, 9384233
New Jersey, 34,	2019	,2019,9423792
New Jersey, 34,	2020	,2020, 9461635
New Jersey, 34,	2021	,2021,9498228
New Jersey, 34,	2022	,2022, 9534128
New Jersey, 34,	2023	,2023,9569120
New Jersey, 34,	2024	,2024, 9603371
New Jersey, 34,	2025	,2025,9636644
New Jersey, 34,	2026	,2026, 9669916
New Jersey, 34,	2027	,2027,9703157
New Jersey, 34,	2028	,2028, 9736318
New Jersey, 34,	2029	,2029,9769337
New Jersey, 34,	2030	,2030, 9802440
New Mexico, 35,	2004	,2004,1884402
New Mexico, 35,	2005	,2005, 1902057
New Mexico, 35,	2006	,2006,1919133
New Mexico, 35,	2007	,2007, 1935545
New Mexico, 35,	2008	,2008,1951229
New Mexico, 35,	2009	,2009, 1966156
New Mexico, 35,	2010	,2010,1980225
New Mexico, 35,	2011	,2011, 1993648
New Mexico, 35,	2012	,2012,2006561
New Mexico, 35,	2013	,2013, 2018887
New Mexico, 35,	2014	,2014,2030569
New Mexico, 35,	2015	,2015, 2041539
New Mexico, 35,	2016	,2016,2051822
New Mexico, 35,	2017	,2017, 2061324
New Mexico, 35,	2018	,2018,2069834
New Mexico, 35,	2019	,2019, 2077546
New Mexico, 35,	2020	,2020,2084341
New Mexico, 35,	2021	,2021, 2090297
New Mexico, 35,	2022	,2022,2095558
New Mexico, 35,	2023	,2023, 2100022
New Mexico, 35,	2024	,2024,2103685
New Mexico, 35,	2025	,2025, 2106584
New Mexico, 35,	2026	,2026,2108088
New Mexico, 35,	2027	,2027, 2108174
New Mexico, 35,	2028	,2028,2106763
New Mexico, 35,	2029	,2029, 2103962
New Mexico, 35,	2030	,2030,2099708
New York, 36,	2004	,2004, 19206895
New York, 36,	2005	,2005,19258082
New York, 36,	2006	,2006, 19304791
New York, 36,	2007	,2007,19346333
New York, 36,	2008	,2008, 19383109
New York, 36,	2009	,2009,19415485
New York, 36,	2010	,2010, 19443672
New York, 36,	2011	,2011,19468803
New York, 36,	2012	,2012, 19491974
New York, 36,	2013	,2013,19512725
New York, 36,	2014	,2014, 19531098
New York, 36,	2015	,2015,19546699
New York, 36,	2016	,2016, 19559319
New York, 36,	2017	,2017,19568748
New York, 36,	2018	,2018, 19574977
New York, 36,	2019	,2019,19577760
New York, 36,	2020	,2020, 19576920
New York, 36,	2021	,2021,19573419
New York, 36,	2022	,2022, 19568231
New York, 36,	2023	,2023,19561066
New York, 36,	2024	,2024, 19551765
New York, 36,	2025	,2025,19540179
New York, 36,	2026	,2026, 19528089
New York, 36,	2027	,2027,19515752
New York, 36,	2028	,2028, 19503201
New York, 36,	2029	,2029,19490203
New York, 36,	2030	,2030, 19477429
North Carolina, 37,	2004	,2004,8575978
North Carolina, 37,	2005	,2005, 8702410
North Carolina, 37,	2006	,2006,8829902
North Carolina, 37,	2007	,2007, 8957883
North Carolina, 37,	2008	,2008,9086527
North Carolina, 37,	2009	,2009, 9215858
North Carolina, 37,	2010	,2010,9345823
North Carolina, 37,	2011	,2011, 9476534
North Carolina, 37,	2012	,2012,9608371
North Carolina, 37,	2013	,2013, 9741345
North Carolina, 37,	2014	,2014,9875459
North Carolina, 37,	2015	,2015, 10010770
North Carolina, 37,	2016	,2016,10147434
North Carolina, 37,	2017	,2017, 10285552
North Carolina, 37,	2018	,2018,10425301
North Carolina, 37,	2019	,2019, 10566497
North Carolina, 37,	2020	,2020,10709289
North Carolina, 37,	2021	,2021, 10853724
North Carolina, 37,	2022	,2022,11000044
North Carolina, 37,	2023	,2023, 11148195
North Carolina, 37,	2024	,2024,11297928
North Carolina, 37,	2025	,2025, 11449153
North Carolina, 37,	2026	,2026,11602017
North Carolina, 37,	2027	,2027, 11756259
North Carolina, 37,	2028	,2028,11911950
North Carolina, 37,	2029	,2029, 12069172
North Carolina, 37,	2030	,2030,12227739
North Dakota, 38,	2004	,2004, 635067
North Dakota, 38,	2005	,2005,635468
North Dakota, 38,	2006	,2006, 635879
North Dakota, 38,	2007	,2007,636193
North Dakota, 38,	2008	,2008, 636452
North Dakota, 38,	2009	,2009,636612
North Dakota, 38,	2010	,2010, 636623
North Dakota, 38,	2011	,2011,636532
North Dakota, 38,	2012	,2012, 636351
North Dakota, 38,	2013	,2013,636086
North Dakota, 38,	2014	,2014, 635659
North Dakota, 38,	2015	,2015,635133
North Dakota, 38,	2016	,2016, 634463
North Dakota, 38,	2017	,2017,633633
North Dakota, 38,	2018	,2018, 632627
North Dakota, 38,	2019	,2019,631470
North Dakota, 38,	2020	,2020, 630112
North Dakota, 38,	2021	,2021,628561
North Dakota, 38,	2022	,2022, 626860
North Dakota, 38,	2023	,2023,624978
North Dakota, 38,	2024	,2024, 622970
North Dakota, 38,	2025	,2025,620777
North Dakota, 38,	2026	,2026, 618387
North Dakota, 38,	2027	,2027,615741
North Dakota, 38,	2028	,2028, 612879
North Dakota, 38,	2029	,2029,609838
North Dakota, 38,	2030	,2030, 606566
Ohio, 39,	2004	,2004,11453779
Ohio, 39,	2005	,2005, 11477557
Ohio, 39,	2006	,2006,11500385
Ohio, 39,	2007	,2007, 11521570
Ohio, 39,	2008	,2008,11541279
Ohio, 39,	2009	,2009, 11559502
Ohio, 39,	2010	,2010,11576181
Ohio, 39,	2011	,2011, 11591373
Ohio, 39,	2012	,2012,11605094
Ohio, 39,	2013	,2013, 11617119
Ohio, 39,	2014	,2014,11627284
Ohio, 39,	2015	,2015, 11635446
Ohio, 39,	2016	,2016,11641535
Ohio, 39,	2017	,2017, 11645448
Ohio, 39,	2018	,2018,11647203
Ohio, 39,	2019	,2019, 11646712
Ohio, 39,	2020	,2020,11644058
Ohio, 39,	2021	,2021, 11639414
Ohio, 39,	2022	,2022,11633173
Ohio, 39,	2023	,2023, 11625398
Ohio, 39,	2024	,2024,11616242
Ohio, 39,	2025	,2025, 11605738
Ohio, 39,	2026	,2026,11594980
Ohio, 39,	2027	,2027, 11583954
Ohio, 39,	2028	,2028,11572775
Ohio, 39,	2029	,2029, 11561526
Ohio, 39,	2030	,2030,11550528
Oklahoma, 40,	2004	,2004, 3507229
Oklahoma, 40,	2005	,2005,3521379
Oklahoma, 40,	2006	,2006, 3535634
Oklahoma, 40,	2007	,2007,3549795
Oklahoma, 40,	2008	,2008, 3563865
Oklahoma, 40,	2009	,2009,3577766
Oklahoma, 40,	2010	,2010, 3591516
Oklahoma, 40,	2011	,2011,3605313
Oklahoma, 40,	2012	,2012, 3619273
Oklahoma, 40,	2013	,2013,3633287
Oklahoma, 40,	2014	,2014, 3647370
Oklahoma, 40,	2015	,2015,3661694
Oklahoma, 40,	2016	,2016, 3676116
Oklahoma, 40,	2017	,2017,3690699
Oklahoma, 40,	2018	,2018, 3705437
Oklahoma, 40,	2019	,2019,3720396
Oklahoma, 40,	2020	,2020, 3735690
Oklahoma, 40,	2021	,2021,3751443
Oklahoma, 40,	2022	,2022, 3767829
Oklahoma, 40,	2023	,2023,3784867
Oklahoma, 40,	2024	,2024, 3802592
Oklahoma, 40,	2025	,2025,3820994
Oklahoma, 40,	2026	,2026, 3839468
Oklahoma, 40,	2027	,2027,3857942
Oklahoma, 40,	2028	,2028, 3876398
Oklahoma, 40,	2029	,2029,3894910
Oklahoma, 40,	2030	,2030, 3913251
Oregon, 41,	2004	,2004,3560595
Oregon, 41,	2005	,2005, 3596083
Oregon, 41,	2006	,2006,3632890
Oregon, 41,	2007	,2007, 3670799
Oregon, 41,	2008	,2008,3709778
Oregon, 41,	2009	,2009, 3749852
Oregon, 41,	2010	,2010,3790996
Oregon, 41,	2011	,2011, 3833123
Oregon, 41,	2012	,2012,3876455
Oregon, 41,	2013	,2013, 3920890
Oregon, 41,	2014	,2014,3966347
Oregon, 41,	2015	,2015, 4012924
Oregon, 41,	2016	,2016,4060467
Oregon, 41,	2017	,2017, 4108966
Oregon, 41,	2018	,2018,4158539
Oregon, 41,	2019	,2019, 4208983
Oregon, 41,	2020	,2020,4260393
Oregon, 41,	2021	,2021, 4312897
Oregon, 41,	2022	,2022,4366700
Oregon, 41,	2023	,2023, 4421848
Oregon, 41,	2024	,2024,4478426
Oregon, 41,	2025	,2025, 4536418
Oregon, 41,	2026	,2026,4594977
Oregon, 41,	2027	,2027, 4653962
Oregon, 41,	2028	,2028,4713432
Oregon, 41,	2029	,2029, 4773457
Oregon, 41,	2030	,2030,4833918
Pennsylvania, 42,	2004	,2004, 12391530
Pennsylvania, 42,	2005	,2005,12426603
Pennsylvania, 42,	2006	,2006, 12460844
Pennsylvania, 42,	2007	,2007,12493634
Pennsylvania, 42,	2008	,2008, 12525118
Pennsylvania, 42,	2009	,2009,12555469
Pennsylvania, 42,	2010	,2010, 12584487
Pennsylvania, 42,	2011	,2011,12612380
Pennsylvania, 42,	2012	,2012, 12639226
Pennsylvania, 42,	2013	,2013,12664761
Pennsylvania, 42,	2014	,2014, 12688737
Pennsylvania, 42,	2015	,2015,12710938
Pennsylvania, 42,	2016	,2016, 12731118
Pennsylvania, 42,	2017	,2017,12748977
Pennsylvania, 42,	2018	,2018, 12764432
Pennsylvania, 42,	2019	,2019,12777274
Pennsylvania, 42,	2020	,2020, 12787354
Pennsylvania, 42,	2021	,2021,12794939
Pennsylvania, 42,	2022	,2022, 12800217
Pennsylvania, 42,	2023	,2023,12803142
Pennsylvania, 42,	2024	,2024, 12803729
Pennsylvania, 42,	2025	,2025,12801945
Pennsylvania, 42,	2026	,2026, 12798532
Pennsylvania, 42,	2027	,2027,12793437
Pennsylvania, 42,	2028	,2028, 12786628
Pennsylvania, 42,	2029	,2029,12778134
Pennsylvania, 42,	2030	,2030, 12768184
Rhode Island, 44,	2004	,2004,1079675
Rhode Island, 44,	2005	,2005, 1086575
Rhode Island, 44,	2006	,2006,1093191
Rhode Island, 44,	2007	,2007, 1099496
Rhode Island, 44,	2008	,2008,1105525
Rhode Island, 44,	2009	,2009, 1111252
Rhode Island, 44,	2010	,2010,1116652
Rhode Island, 44,	2011	,2011, 1121758
Rhode Island, 44,	2012	,2012,1126613
Rhode Island, 44,	2013	,2013, 1131213
Rhode Island, 44,	2014	,2014,1135531
Rhode Island, 44,	2015	,2015, 1139543
Rhode Island, 44,	2016	,2016,1143240
Rhode Island, 44,	2017	,2017, 1146594
Rhode Island, 44,	2018	,2018,1149555
Rhode Island, 44,	2019	,2019, 1152141
Rhode Island, 44,	2020	,2020,1154230
Rhode Island, 44,	2021	,2021, 1155920
Rhode Island, 44,	2022	,2022,1157175
Rhode Island, 44,	2023	,2023, 1157929
Rhode Island, 44,	2024	,2024,1158169
Rhode Island, 44,	2025	,2025, 1157855
Rhode Island, 44,	2026	,2026,1157355
Rhode Island, 44,	2027	,2027, 1156640
Rhode Island, 44,	2028	,2028,1155672
Rhode Island, 44,	2029	,2029, 1154426
Rhode Island, 44,	2030	,2030,1152941
South Carolina, 45,	2004	,2004, 4196813
South Carolina, 45,	2005	,2005,4239310
South Carolina, 45,	2006	,2006, 4281597
South Carolina, 45,	2007	,2007,4323556
South Carolina, 45,	2008	,2008, 4365055
South Carolina, 45,	2009	,2009,4406143
South Carolina, 45,	2010	,2010, 4446704
South Carolina, 45,	2011	,2011,4486790
South Carolina, 45,	2012	,2012, 4526466
South Carolina, 45,	2013	,2013,4565601
South Carolina, 45,	2014	,2014, 4604180
South Carolina, 45,	2015	,2015,4642137
South Carolina, 45,	2016	,2016, 4679441
South Carolina, 45,	2017	,2017,4716202
South Carolina, 45,	2018	,2018, 4752323
South Carolina, 45,	2019	,2019,4787774
South Carolina, 45,	2020	,2020, 4822577
South Carolina, 45,	2021	,2021,4856829
South Carolina, 45,	2022	,2022, 4890655
South Carolina, 45,	2023	,2023,4924048
South Carolina, 45,	2024	,2024, 4957008
South Carolina, 45,	2025	,2025,4989550
South Carolina, 45,	2026	,2026, 5021859
South Carolina, 45,	2027	,2027,5053886
South Carolina, 45,	2028	,2028, 5085678
South Carolina, 45,	2029	,2029,5117243
South Carolina, 45,	2030	,2030, 5148569
South Dakota, 46,	2004	,2004,768663
South Dakota, 46,	2005	,2005, 771803
South Dakota, 46,	2006	,2006,774953
South Dakota, 46,	2007	,2007, 778006
South Dakota, 46,	2008	,2008,780947
South Dakota, 46,	2009	,2009, 783755
South Dakota, 46,	2010	,2010,786399
South Dakota, 46,	2011	,2011, 788892
South Dakota, 46,	2012	,2012,791220
South Dakota, 46,	2013	,2013, 793331
South Dakota, 46,	2014	,2014,795274
South Dakota, 46,	2015	,2015, 796954
South Dakota, 46,	2016	,2016,798415
South Dakota, 46,	2017	,2017, 799611
South Dakota, 46,	2018	,2018,800606
South Dakota, 46,	2019	,2019, 801393
South Dakota, 46,	2020	,2020,801939
South Dakota, 46,	2021	,2021, 802269
South Dakota, 46,	2022	,2022,802396
South Dakota, 46,	2023	,2023, 802350
South Dakota, 46,	2024	,2024,802157
South Dakota, 46,	2025	,2025, 801845
South Dakota, 46,	2026	,2026,801544
South Dakota, 46,	2027	,2027, 801255
South Dakota, 46,	2028	,2028,800961
South Dakota, 46,	2029	,2029, 800710
South Dakota, 46,	2030	,2030,800462
Tennessee, 47,	2004	,2004, 5912726
Tennessee, 47,	2005	,2005,5965317
Tennessee, 47,	2006	,2006, 6018238
Tennessee, 47,	2007	,2007,6071222
Tennessee, 47,	2008	,2008, 6124341
Tennessee, 47,	2009	,2009,6177567
Tennessee, 47,	2010	,2010, 6230852
Tennessee, 47,	2011	,2011,6284421
Tennessee, 47,	2012	,2012, 6338392
Tennessee, 47,	2013	,2013,6392658
Tennessee, 47,	2014	,2014, 6447163
Tennessee, 47,	2015	,2015,6502017
Tennessee, 47,	2016	,2016, 6557090
Tennessee, 47,	2017	,2017,6612472
Tennessee, 47,	2018	,2018, 6668132
Tennessee, 47,	2019	,2019,6724207
Tennessee, 47,	2020	,2020, 6780670
Tennessee, 47,	2021	,2021,6837661
Tennessee, 47,	2022	,2022, 6895329
Tennessee, 47,	2023	,2023,6953783
Tennessee, 47,	2024	,2024, 7013071
Tennessee, 47,	2025	,2025,7073125
Tennessee, 47,	2026	,2026, 7133706
Tennessee, 47,	2027	,2027,7194743
Tennessee, 47,	2028	,2028, 7256206
Tennessee, 47,	2029	,2029,7318154
Tennessee, 47,	2030	,2030, 7380634
Texas, 48,	2004	,2004,22402761
Texas, 48,	2005	,2005, 22775044
Texas, 48,	2006	,2006,23149195
Texas, 48,	2007	,2007, 23523782
Texas, 48,	2008	,2008,23898665
Texas, 48,	2009	,2009, 24273816
Texas, 48,	2010	,2010,24648888
Texas, 48,	2011	,2011, 25026846
Texas, 48,	2012	,2012,25409783
Texas, 48,	2013	,2013, 25797428
Texas, 48,	2014	,2014,26189495
Texas, 48,	2015	,2015, 26585801
Texas, 48,	2016	,2016,26986249
Texas, 48,	2017	,2017, 27391070
Texas, 48,	2018	,2018,27800543
Texas, 48,	2019	,2019, 28215015
Texas, 48,	2020	,2020,28634896
Texas, 48,	2021	,2021, 29062018
Texas, 48,	2022	,2022,29498159
Texas, 48,	2023	,2023, 29943764
Texas, 48,	2024	,2024,30399250
Texas, 48,	2025	,2025, 30865134
Texas, 48,	2026	,2026,31338972
Texas, 48,	2027	,2027, 31820681
Texas, 48,	2028	,2028,32310736
Texas, 48,	2029	,2029, 32809827
Texas, 48,	2030	,2030,33317744
Utah, 49,	2004	,2004, 2383663
Utah, 49,	2005	,2005,2417998
Utah, 49,	2006	,2006, 2452863
Utah, 49,	2007	,2007,2488014
Utah, 49,	2008	,2008, 2523394
Utah, 49,	2009	,2009,2559059
Utah, 49,	2010	,2010, 2595013
Utah, 49,	2011	,2011,2631383
Utah, 49,	2012	,2012, 2668319
Utah, 49,	2013	,2013,2705888
Utah, 49,	2014	,2014, 2744104
Utah, 49,	2015	,2015,2783040
Utah, 49,	2016	,2016, 2822718
Utah, 49,	2017	,2017,2863188
Utah, 49,	2018	,2018, 2904529
Utah, 49,	2019	,2019,2946841
Utah, 49,	2020	,2020, 2990094
Utah, 49,	2021	,2021,3034569
Utah, 49,	2022	,2022, 3080326
Utah, 49,	2023	,2023,3127347
Utah, 49,	2024	,2024, 3175809
Utah, 49,	2025	,2025,3225680
Utah, 49,	2026	,2026, 3276328
Utah, 49,	2027	,2027,3327623
Utah, 49,	2028	,2028, 3379629
Utah, 49,	2029	,2029,3432237
Utah, 49,	2030	,2030, 3485367
Vermont, 50,	2004	,2004,626673
Vermont, 50,	2005	,2005, 630979
Vermont, 50,	2006	,2006,635289
Vermont, 50,	2007	,2007, 639584
Vermont, 50,	2008	,2008,643905
Vermont, 50,	2009	,2009, 648221
Vermont, 50,	2010	,2010,652512
Vermont, 50,	2011	,2011, 656767
Vermont, 50,	2012	,2012,660969
Vermont, 50,	2013	,2013, 665113
Vermont, 50,	2014	,2014,669205
Vermont, 50,	2015	,2015, 673169
Vermont, 50,	2016	,2016,677025
Vermont, 50,	2017	,2017, 680729
Vermont, 50,	2018	,2018,684222
Vermont, 50,	2019	,2019, 687552
Vermont, 50,	2020	,2020,690686
Vermont, 50,	2021	,2021, 693589
Vermont, 50,	2022	,2022,696319
Vermont, 50,	2023	,2023, 698858
Vermont, 50,	2024	,2024,701169
Vermont, 50,	2025	,2025, 703288
Vermont, 50,	2026	,2026,705256
Vermont, 50,	2027	,2027, 707042
Vermont, 50,	2028	,2028,708746
Vermont, 50,	2029	,2029, 710327
Vermont, 50,	2030	,2030,711867
Virginia, 51,	2004	,2004, 7460774
Virginia, 51,	2005	,2005,7552581
Virginia, 51,	2006	,2006, 7644514
Virginia, 51,	2007	,2007,7736166
Virginia, 51,	2008	,2008, 7827657
Virginia, 51,	2009	,2009,7919021
Virginia, 51,	2010	,2010, 8010245
Virginia, 51,	2011	,2011,8101489
Virginia, 51,	2012	,2012, 8192854
Virginia, 51,	2013	,2013,8284309
Virginia, 51,	2014	,2014, 8375648
Virginia, 51,	2015	,2015,8466864
Virginia, 51,	2016	,2016, 8557758
Virginia, 51,	2017	,2017,8648333
Virginia, 51,	2018	,2018, 8738451
Virginia, 51,	2019	,2019,8828145
Virginia, 51,	2020	,2020, 8917395
Virginia, 51,	2021	,2021,9006566
Virginia, 51,	2022	,2022, 9095887
Virginia, 51,	2023	,2023,9185284
Virginia, 51,	2024	,2024, 9274781
Virginia, 51,	2025	,2025,9364304
Virginia, 51,	2026	,2026, 9454654
Virginia, 51,	2027	,2027,9545778
Virginia, 51,	2028	,2028, 9637792
Virginia, 51,	2029	,2029,9730835
Virginia, 51,	2030	,2030, 9825019
Washington, 53,	2004	,2004,6144988
Washington, 53,	2005	,2005, 6204632
Washington, 53,	2006	,2006,6266940
Washington, 53,	2007	,2007, 6331696
Washington, 53,	2008	,2008,6399035
Washington, 53,	2009	,2009, 6469126
Washington, 53,	2010	,2010,6541963
Washington, 53,	2011	,2011, 6617654
Washington, 53,	2012	,2012,6696375
Washington, 53,	2013	,2013, 6778126
Washington, 53,	2014	,2014,6862870
Washington, 53,	2015	,2015, 6950610
Washington, 53,	2016	,2016,7041246
Washington, 53,	2017	,2017, 7134776
Washington, 53,	2018	,2018,7231073
Washington, 53,	2019	,2019, 7330188
Washington, 53,	2020	,2020,7432136
Washington, 53,	2021	,2021, 7537377
Washington, 53,	2022	,2022,7646286
Washington, 53,	2023	,2023, 7758905
Washington, 53,	2024	,2024,7875563
Washington, 53,	2025	,2025, 7996400
Washington, 53,	2026	,2026,8118782
Washington, 53,	2027	,2027, 8242723
Washington, 53,	2028	,2028,8368351
Washington, 53,	2029	,2029, 8495694
Washington, 53,	2030	,2030,8624801
West Virginia, 54,	2004	,2004, 1814736
West Virginia, 54,	2005	,2005,1818887
West Virginia, 54,	2006	,2006, 1822416
West Virginia, 54,	2007	,2007,1825209
West Virginia, 54,	2008	,2008, 1827226
West Virginia, 54,	2009	,2009,1828538
West Virginia, 54,	2010	,2010, 1829141
West Virginia, 54,	2011	,2011,1829099
West Virginia, 54,	2012	,2012, 1828425
West Virginia, 54,	2013	,2013,1827150
West Virginia, 54,	2014	,2014, 1825259
West Virginia, 54,	2015	,2015,1822758
West Virginia, 54,	2016	,2016, 1819567
West Virginia, 54,	2017	,2017,1815822
West Virginia, 54,	2018	,2018, 1811457
West Virginia, 54,	2019	,2019,1806545
West Virginia, 54,	2020	,2020, 1801112
West Virginia, 54,	2021	,2021,1795057
West Virginia, 54,	2022	,2022, 1788563
West Virginia, 54,	2023	,2023,1781639
West Virginia, 54,	2024	,2024, 1774295
West Virginia, 54,	2025	,2025,1766435
West Virginia, 54,	2026	,2026, 1758135
West Virginia, 54,	2027	,2027,1749264
West Virginia, 54,	2028	,2028, 1739954
West Virginia, 54,	2029	,2029,1730161
West Virginia, 54,	2030	,2030, 1719959
Wisconsin, 55,	2004	,2004,5518758
Wisconsin, 55,	2005	,2005, 5554343
Wisconsin, 55,	2006	,2006,5589876
Wisconsin, 55,	2007	,2007, 5624971
Wisconsin, 55,	2008	,2008,5659640
Wisconsin, 55,	2009	,2009, 5693830
Wisconsin, 55,	2010	,2010,5727426
Wisconsin, 55,	2011	,2011, 5760303
Wisconsin, 55,	2012	,2012,5792502
Wisconsin, 55,	2013	,2013, 5823732
Wisconsin, 55,	2014	,2014,5853861
Wisconsin, 55,	2015	,2015, 5882760
Wisconsin, 55,	2016	,2016,5910327
Wisconsin, 55,	2017	,2017, 5936429
Wisconsin, 55,	2018	,2018,5960925
Wisconsin, 55,	2019	,2019, 5983775
Wisconsin, 55,	2020	,2020,6004954
Wisconsin, 55,	2021	,2021, 6024516
Wisconsin, 55,	2022	,2022,6042617
Wisconsin, 55,	2023	,2023, 6059281
Wisconsin, 55,	2024	,2024,6074537
Wisconsin, 55,	2025	,2025, 6088374
Wisconsin, 55,	2026	,2026,6101787
Wisconsin, 55,	2027	,2027, 6114630
Wisconsin, 55,	2028	,2028,6127024
Wisconsin, 55,	2029	,2029, 6139027
Wisconsin, 55,	2030	,2030,6150764
Wyoming, 56,	2004	,2004, 504251
Wyoming, 56,	2005	,2005,507268
Wyoming, 56,	2006	,2006, 510136
Wyoming, 56,	2007	,2007,512847
Wyoming, 56,	2008	,2008, 515408
Wyoming, 56,	2009	,2009,517767
Wyoming, 56,	2010	,2010, 519886
Wyoming, 56,	2011	,2011,521831
Wyoming, 56,	2012	,2012, 523655
Wyoming, 56,	2013	,2013,525296
Wyoming, 56,	2014	,2014, 526758
Wyoming, 56,	2015	,2015,528005
Wyoming, 56,	2016	,2016, 529053
Wyoming, 56,	2017	,2017,529846
Wyoming, 56,	2018	,2018, 530409
Wyoming, 56,	2019	,2019,530784
Wyoming, 56,	2020	,2020, 530948
Wyoming, 56,	2021	,2021,530925
Wyoming, 56,	2022	,2022, 530704
Wyoming, 56,	2023	,2023,530314
Wyoming, 56,	2024	,2024, 529754
Wyoming, 56,	2025	,2025,529031
Wyoming, 56,	2026	,2026, 528134
Wyoming, 56,	2027	,2027,527080
Wyoming, 56,	2028	,2028, 525867
Wyoming, 56,	2029	,2029,524512
Wyoming, 56,	2030	,2030, 522979
